id,physical_price,digital_price,download_url,title
ancestral-link,40,10,https://drive.google.com/uc?export=download&id=1SetmqcugFqm6Mirqcubo0Oo7e0l2nCqa,Ancestral Link
digital-current,40,,,Digital Current
dahomey-twins,,10,https://drive.google.com/uc?export=download&id=1i8ISzItF42F2pa8BtbJ8mK7Vz8nCdGqu,Dahomey Twins
ascension-fragments,,,,Ascension Fragments
fiery-descent,,,,Fiery Descent
jesus,,,,Jesus
spain,,,,Spain of My Childhood
warning,,,,Warning: The Prelude
suspense,,,,Suspense: The Ascent
heel-weight,,,,Heel: The Weight
trigger,,,,Trigger: The Pedestal
she-bold,,,,She Bold: The Choice
she-really-bold,,,,She Really Bold: The Crossing
controversy,,,,Controversy: The Negotiation
shocker,,,,Shocker
8-and-9,,,,8 & 9
scandal,,,,Scandal
lecoq,,,,Le Coq
leberger,,,,Le Berger
bintou,,,,Bintou et Son Chien
pecheurs,,,,Les Pêcheurs
quick,,,,Mr. s'Quick
rouge,,,,Rouge
she,,,,She (in Watercolor style)
miao,,,,Miao Zhe Cha
emotions,,,,Emotions
vstrecha,,,,Vstrecha
smiling-curtain,,,,The Smiling Curtain
american-house,,,,American House
ramo-ambita,,,,Ramo Ambita
le-cardinal-rouge,,,,Le Cardinal Rouge
agadez,,,,Agadez
dakunaito,,,,Dākunaito
plavusa,,,,Plavuša
cute-yaro,,,,Cute Yaro
tree-of-shadows,,,,The Tree of Shadows
beau-gosse,,,,Beau Gosse
les-vases,,,,Les Vases
album-photo,,,,Album Photo
blanc,,,,Blanc
the-thinker,,,,The Thinker
el-negro,,,,El Negro
spring-river,,,,Spring River
la-basse-cour,,,,La Basse Cour
campagne,,,,A La Campagne
home,,,,Home
marketday,,,,Market Day
brr,,,,Brr
ichi,,,,Ichi
teljangal,,,,Tel Jangal
plasticine,,,,Plasticine
penguin,,,,A Penguin in the Desert
fruits,,,,Fruits
whimsy,,,,Whimsy
nebula,,,,Nebula
